Category: All categories,,,,,
,,,,,
Week,Karl Lagerfeld: (United Kingdom),Alexander McQueen: (United Kingdom),Christian Dior: (United Kingdom),Vivienne Westwood: (United Kingdom),Coco Chanel: (United Kingdom)
08/11/2020,3,26,19,70,20
15/11/2020,4,39,18,73,23
22/11/2020,5,42,18,100,25
29/11/2020,4,32,12,74,23
06/12/2020,5,32,21,68,23
13/12/2020,4,35,20,72,26
20/12/2020,8,54,22,88,19
27/12/2020,7,46,26,75,13
03/01/2021,3,33,18,51,11
10/01/2021,3,28,17,52,10
17/01/2021,4,21,22,45,11
24/01/2021,3,25,17,48,9
31/01/2021,4,27,15,47,12
07/02/2021,3,24,12,42,14
14/02/2021,4,21,10,44,10
21/02/2021,2,19,10,38,11
28/02/2021,4,22,12,40,11
07/03/2021,5,20,12,38,11
14/03/2021,2,18,13,42,10
21/03/2021,2,22,15,32,10
28/03/2021,6,20,10,39,11
04/04/2021,6,23,17,42,10
11/04/2021,4,19,11,33,6
18/04/2021,6,21,11,37,7
25/04/2021,2,24,14,33,9
02/05/2021,5,27,17,35,14
09/05/2021,6,17,10,40,9
16/05/2021,3,23,16,35,12
23/05/2021,3,25,14,37,10
30/05/2021,4,23,15,34,8
06/06/2021,4,20,19,39,7
13/06/2021,4,17,13,35,8
20/06/2021,4,14,14,45,6
27/06/2021,7,21,14,43,10
04/07/2021,4,20,17,42,10
11/07/2021,6,21,15,34,10
18/07/2021,5,17,18,33,9
25/07/2021,4,19,17,41,12
01/08/2021,4,16,17,47,10
08/08/2021,2,20,20,45,11
15/08/2021,5,19,15,51,7
22/08/2021,5,18,13,47,9
29/08/2021,5,18,13,42,10
05/09/2021,4,20,18,57,9
12/09/2021,5,27,16,42,8
19/09/2021,5,24,11,46,10
26/09/2021,3,20,15,50,12
03/10/2021,4,18,20,55,11
10/10/2021,6,21,14,51,12
17/10/2021,5,22,14,61,13
24/10/2021,3,25,12,63,10
31/10/2021,5,18,18,61,10
